membership_id,firstname,lastname,email,date_of_birth,mobile_no,above_18
Gonzalez_345f8,Sherry,Gonzalez,Sherry_Gonzalez@caldwell.biz,19730314,66744895,yes
Brown_e4d2b,David,Brown,David_Brown@jackson-smith.biz,20010922,69082983,yes
Glass_a6a8f,Denise,Glass,Denise_Glass@calderon.org,19820531,77863943,yes
Wilson_6845c,Aaron,Wilson,Aaron_Wilson@burke-benton.net,19870517,75053391,yes
Hogan_a5d5c,Melissa,Hogan,Melissa_Hogan@rodriguez-hughes.biz,20150531,68883495,no
Weaver_feb81,Jennifer,Weaver,Jennifer_Weaver@patterson.com,19781015,74152151,yes
Ellison_93ac6,Brittany,Ellison,Brittany_Ellison@nolan.com,20040404,82360847,yes
Hamilton_f2276,Leonard,Hamilton,Leonard_Hamilton@brown.com,19880229,76082775,yes
Johnson_66ed1,Michael,Johnson,Michael_Johnson@martin.com,20160407,95308759,no
Newman_d7b88,Christopher,Newman,Christopher_Newman@campbell.info,19950925,93133527,yes
Paul Jones_f903f,Dr.,Paul Jones,Paul_Jones@clark-irwin.com,19940215,91301999,yes
Tran_40aaa,Danielle,Tran,Danielle_Tran@mann.com,19880826,85246679,yes
Simpson_7383f,Courtney,Simpson,Courtney_Simpson@preston-cantrell.com,19731103,77314887,yes
Hopkins_56d12,Kimberly,Hopkins,Kimberly_Hopkins@adams.com,19931022,67364511,yes
Lester_8140e,Christopher,Lester,Christopher_Lester@keller.org,19540504,79532575,yes
Robertson_e101e,Stephanie,Robertson,Stephanie_Robertson@owen-rodriguez.com,20020508,75259367,yes
Rogers_4ba87,Ashley,Rogers,Ashley_Rogers@elliott-johnson.com,20040612,97874903,yes
Stewart_40f40,Erika,Stewart,Erika_Stewart@solis.com,19851226,83552695,yes
Marshall_78a91,Sabrina,Marshall,Sabrina_Marshall@baker-yu.com,20181031,70301767,no
Murphy_9a0dd,Gary,Murphy,Gary_Murphy@singleton.info,19991210,96047135,yes
Archer_c6232,Nathan,Archer,Nathan_Archer@gray.com,19560723,72954367,yes
Lewis_0b2d6,Cassandra,Lewis,Cassandra_Lewis@ward.org,20120827,86877407,no
Patrick_ee840,Katherine,Patrick,Katherine_Patrick@rocha.com,20180427,87666807,no
Mejia_10b0a,Madison,Mejia,Madison_Mejia@sims.com,19530323,73824679,yes
Joyce_342d3,Brittany,Joyce,Brittany_Joyce@thomas.biz,19601114,65804583,yes
Flynn_5b7fe,Kathleen,Flynn,Kathleen_Flynn@boyd-king.biz,19870913,93605471,yes
Barajas_c09f8,Tanya,Barajas,Tanya_Barajas@davis.com,19740430,92793871,yes
Hicks_15aa6,Gary,Hicks,Gary_Hicks@hopkins-salazar.biz,20180227,68934063,no
Preston_a5d5c,Mary,Preston,Mary_Preston@roman-schwartz.com,20150531,87766727,no
Thompson_5e06b,Kimberly,Thompson,Kimberly_Thompson@brewer-walters.net,20001112,88531623,yes
Turner_f9621,Brenda,Turner,Brenda_Turner@hampton.org,19550726,94128415,yes
Morrison_2baba,Andrea,Morrison,Andrea_Morrison@schroeder-rodriguez.net,20141017,90017719,no
Greene_ff18a,Christopher,Greene,Christopher_Greene@berry.org,19880101,82039695,yes
Preston_b78bc,Leslie,Preston,Leslie_Preston@johns.com,19721005,71892959,yes
Flores_b1169,Nathan,Flores,Nathan_Flores@gibbs.net,19790904,86883135,yes
Gonzalez_a73bb,Brandon,Gonzalez,Brandon_Gonzalez@moore.info,19620131,80247655,yes
Nichols_6e3a4,Timothy,Nichols,Timothy_Nichols@smith.biz,19680106,76207631,yes
Mitchell_51bbd,Christopher,Mitchell,Christopher_Mitchell@blair.net,20080406,70452735,no
Andersen_61066,Elizabeth,Andersen,Elizabeth_Andersen@baker.com,19740123,69096535,yes
Lutz_6aa1c,Destiny,Lutz,Destiny_Lutz@thompson-wright.com,19941204,87853607,yes
Allen_54dd1,Brandy,Allen,Brandy_Allen@hardy-griffin.com,19810113,92130799,yes
Decker_0c2ca,Stephanie,Decker,Stephanie_Decker@barrett.net,19770905,92626639,yes
Brown_cbecc,Jason,Brown,Jason_Brown@lamb.net,20141007,68172735,no
Haynes_ac7ab,Loretta,Haynes,Loretta_Haynes@stewart.info,19891215,73871583,yes
Lee_f9df7,Sue,Lee,Sue_Lee@rojas.com,19860829,97367575,yes
Brown_32e0a,Robert,Brown,Robert_Brown@arroyo-jennings.com,20100112,85795927,no
Watson_6dc0c,Annette,Watson,Annette_Watson@brown-brennan.com,19580423,67851175,yes
Ray_5932c,Amanda,Ray,Amanda_Ray@miller.com,20150821,67585215,no
Kelly_fd1cd,Kimberly,Kelly,Kimberly_Kelly@smith-davis.com,20040403,97604615,yes
Mitchell_14c43,Corey,Mitchell,Corey_Mitchell@turner-thompson.org,19560302,65463735,yes
Shaw_afe1c,Wesley,Shaw,Wesley_Shaw@henderson-gibson.com,19830121,76819471,yes
Scott_05743,John,Scott,John_Scott@rodgers.com,20181225,88527399,no
Anderson_4e99f,Samuel,Anderson,Samuel_Anderson@white-bryant.com,20160906,83338023,no
Manning_d84a9,Andre,Manning,Andre_Manning@reeves-marshall.com,20040812,66456055,yes
Chen_15f36,Chelsea,Chen,Chelsea_Chen@coleman-haney.biz,19870504,63416567,yes
Herman_0ab62,Heather,Herman,Heather_Herman@williams-lindsey.com,19710606,97877423,yes
Lopez_ea347,Laura,Lopez,Laura_Lopez@rodriguez.com,19901221,72627367,yes
Martinez_204f4,Beth,Martinez,Beth_Martinez@johnson.com,19681225,87909191,yes
Ware_0b5e6,Spencer,Ware,Spencer_Ware@montgomery-lane.com,19801009,74599951,yes
Howard_a8620,Robert,Howard,Robert_Howard@kim.info,19670717,80566095,yes
Victoria Kirk_39e1e,Dr.,Victoria Kirk,Victoria_Kirk@clark.biz,20171228,81082879,no
Anderson_d56f4,Kimberly,Anderson,Kimberly_Anderson@sandoval-garcia.com,20090411,94200159,no
Stephens_5a6e3,Robert,Stephens,Robert_Stephens@lopez.com,20000619,92784815,yes
Mitchell_59d65,Craig,Mitchell,Craig_Mitchell@foster-johnson.com,20060607,73048895,no
Evans_e5dfd,Jennifer,Evans,Jennifer_Evans@gonzalez.org,19730203,72801079,yes
Dalton_32ce4,Samuel,Dalton,Samuel_Dalton@marquez.com,19960916,75194711,yes
Daniels_717fa,Paul,Daniels,Paul_Daniels@harris-matthews.info,20150802,79267879,no
Kelly_7713d,Lauren,Kelly,Lauren_Kelly@fox.com,20140328,90667583,no
Bennett_dcbc8,Heather,Bennett,Heather_Bennett@hamilton-blair.com,20020105,64795847,yes
King_f3369,Joshua,King,Joshua_King@hale.net,20000601,99342223,yes
Blake_e7660,Crystal,Blake,Crystal_Blake@parker.com,19701117,97878511,yes
Evans_62a52,Amanda,Evans,Amanda_Evans@cox.com,19590224,92559519,yes
Valenzuela_0342c,Trevor,Valenzuela,Trevor_Valenzuela@cline-espinoza.info,19910911,67310711,yes
Watkins_c9964,Logan,Watkins,Logan_Watkins@hernandez.com,20000511,87081215,yes
Martin_82381,Jennifer,Martin,Jennifer_Martin@moore.com,19830527,83212175,yes
Hudson_31f1d,Ronald,Hudson,Ronald_Hudson@carson.com,19510310,66192423,yes
Yoder_70108,Gregory,Yoder,Gregory_Yoder@robinson-johnson.com,19530620,75705319,yes
Larsen_1e447,Michael,Larsen,Michael_Larsen@salazar.biz,20120803,97036103,no
Rogers_656af,James,Rogers,James_Rogers@green.net,19930704,65821255,yes
Conway_ae427,Jacqueline,Conway,Jacqueline_Conway@robinson-carson.com,19710617,91842383,yes
Anderson_542fb,Lynn,Anderson,Lynn_Anderson@williams-carter.com,19960113,75488911,yes
Davis_cbe39,Rebecca,Davis,Rebecca_Davis@abbott.com,20111020,84764295,no
Newton_d37d4,James,Newton,James_Newton@jimenez.biz,20040810,84097639,yes
Obrien_00e34,Allison,Obrien,Allison_Obrien@bailey-sanders.com,19620423,81154631,yes
Cummings_f8642,Henry,Cummings,Henry_Cummings@guzman.com,20110701,92988543,no
Collins_120bd,Janet,Collins,Janet_Collins@farrell.com,19840721,89424095,yes
White_fae51,Kathy,White,Kathy_White@wang.info,20000615,91622367,yes
Hudson_e3019,John,Hudson,John_Hudson@ayers.com,20140831,85905239,no
Castaneda_7660a,James,Castaneda,James_Castaneda@miller-hart.com,19640126,64715807,yes
Ortiz_66abd,Robert,Ortiz,Robert_Ortiz@saunders-hunter.com,19761108,80296223,yes
Burns_f2b3a,Debbie,Burns,Debbie_Burns@salinas.com,19830806,95570935,yes
Preston_b6298,Gabriel,Preston,Gabriel_Preston@black.com,19961120,88336263,yes
Hill_2c87a,Brittany,Hill,Brittany_Hill@rogers-hoffman.com,19870605,90817791,yes
Kelly Schmitt DVM_45b7a,Mrs.,Kelly Schmitt DVM,Kelly_Schmitt@james-aguirre.com,20150418,81157223,no
Martinez_a7c33,Carrie,Martinez,Carrie_Martinez@hendrix.com,19740124,96107743,yes
White_e9960,Linda,White,Linda_White@moore.com,19751015,84876711,yes
Short_13899,Gabriel,Short,Gabriel_Short@fitzgerald-atkinson.org,19860109,93491919,yes
Sarah Rios_86530,Mrs.,Sarah Rios,Sarah_Rios@winters.org,19691223,77288975,yes
Lane_41295,Gwendolyn,Lane,Gwendolyn_Lane@higgins.biz,19550928,82893815,yes
Morris_d143a,Angela,Morris,Angela_Morris@murray.com,19760207,89409391,yes
Smith_69b70,Jessica,Smith,Jessica_Smith@walsh-steele.com,19510531,97984639,yes
Brown_6f7bf,Joshua,Brown,Joshua_Brown@smith.biz,19621212,90875247,yes
Pacheco_7ccf5,Lori,Pacheco,Lori_Pacheco@ayala.com,19620630,94662495,yes
Clark_47c72,George,Clark,George_Clark@hardin.biz,19650625,92490103,yes
Case_1fe51,Emily,Case,Emily_Case@lewis.com,19850508,90216215,yes
Alvarez_f00bd,Seth,Alvarez,Seth_Alvarez@conrad.com,19800801,90929927,yes
Reyes_0a636,Jose,Reyes,Jose_Reyes@garcia.com,19700929,94563263,yes
Russo_9d208,Corey,Russo,Corey_Russo@ramirez-williams.org,19560105,61159511,yes
Hill_0d4d9,Joseph,Hill,Joseph_Hill@rodriguez-newton.com,20020923,89902687,yes
Swanson_b3ea5,Lauren,Swanson,Lauren_Swanson@pena-pierce.com,19610921,85204407,yes
Schmidt_54bf2,Nicole,Schmidt,Nicole_Schmidt@stephens.com,19651109,86157423,yes
Delgado_f68ba,Nichole,Delgado,Nichole_Delgado@dixon-cruz.com,19720305,60338223,yes
Hawkins_43c48,Jessica,Hawkins,Jessica_Hawkins@cooper-hall.org,19711224,98100079,yes
Miller_5c2c0,Katrina,Miller,Katrina_Miller@grimes.com,19540308,81240247,yes
Conner_71970,Raymond,Conner,Raymond_Conner@oneal-johnson.com,19970128,95736583,yes
Villegas_0003d,Frank,Villegas,Frank_Villegas@johnson-mitchell.com,20050117,71487247,no
James_e7a3a,Holly,James,Holly_James@macdonald.com,19641104,62732175,yes
Ryan Guzman_2c0ed,Mr.,Ryan Guzman,Ryan_Guzman@walker-hudson.biz,19621016,79930919,yes
Watson_61db6,Nicholas,Watson,Nicholas_Watson@williams.com,19620403,72181751,yes
Fisher_27703,Ryan,Fisher,Ryan_Fisher@fletcher.com,19871030,63505855,yes
Jones_fae51,Matthew,Jones,Matthew_Jones@arnold.com,20000615,98616991,yes
David_39e9f,Sarah,David,Sarah_David@collier.net,19981216,97218247,yes
Johnson_5dcba,Angela,Johnson,Angela_Johnson@stewart.com,19840827,62439103,yes
York_a38f9,Paul,York,Paul_York@fisher.org,20040215,89802735,yes
Ho_73551,Jacqueline,Ho,Jacqueline_Ho@henry.com,19610131,75359367,yes
Knight_d46f2,Michael,Knight,Michael_Knight@davidson.com,19870804,71412263,yes
Chavez_302a3,Jessica,Chavez,Jessica_Chavez@oliver.info,19950325,68367639,yes
Grace Phillips_fab0b,Mrs.,Grace Phillips,Grace_Phillips@foley-davis.info,19690531,71945055,yes
Irwin_dd979,Tracy,Irwin,Tracy_Irwin@dawson-williams.com,20100327,84483503,no
Conway_e1e34,Amy,Conway,Amy_Conway@horne-jones.com,20150121,87662167,no
Oneill_7278c,Karen,Oneill,Karen_Oneill@gomez.com,19921004,72265879,yes
Gilmore_a124d,Katie,Gilmore,Katie_Gilmore@lopez.biz,19871019,83937223,yes
Mills_f511a,Nicholas,Mills,Nicholas_Mills@williams.com,19631001,68844231,yes
Wright_fefcf,John,Wright,John_Wright@harris.com,19831019,96650335,yes
Moore_a6529,Lisa,Moore,Lisa_Moore@ramos.com,19941119,99493567,yes
Brown_58eac,Luis,Brown,Luis_Brown@medina.org,19540924,86879631,yes
Anderson_76323,Richard,Anderson,Richard_Anderson@white.com,19580706,66751511,yes
Lee_7f12f,Jessica,Lee,Jessica_Lee@brown-baxter.com,19670124,89410823,yes
Allen_7a4f2,Martin,Allen,Martin_Allen@steele.com,20020924,99969439,yes
Sanchez_9f266,Derrick,Sanchez,Derrick_Sanchez@mitchell.com,19700424,97980535,yes
Martin_3bb4f,Jimmy,Martin,Jimmy_Martin@nguyen-swanson.net,20080628,61684983,no
Ellis_b9ff0,Christine,Ellis,Christine_Ellis@blackwell.com,19980617,69393823,yes
Baker_e1e70,Antonio,Baker,Antonio_Baker@adams-harrison.biz,19590605,61275895,yes
Kevin Walsh_8cd29,Mr.,Kevin Walsh,Kevin_Walsh@hamilton.net,19920805,63251375,yes
Mitchell_1bdd4,Steve,Mitchell,Steve_Mitchell@adkins-russell.com,19751027,98789479,yes
Padilla_c4b17,Katherine,Padilla,Katherine_Padilla@leach.biz,20120612,83393263,no
Aguilar_d3661,Gloria,Aguilar,Gloria_Aguilar@dorsey-donaldson.com,19690606,69773231,yes
Jones_e09e3,William,Jones,William_Jones@ford.com,20051026,60103815,no
Mckee_92c0e,Michael,Mckee,Michael_Mckee@gordon.com,20000917,87409327,yes
Elizabeth Richard_fb535,Mrs.,Elizabeth Richard,Elizabeth_Richard@stewart.biz,19901002,70199975,yes
Park_a639e,Roy,Park,Roy_Park@rodriguez-west.com,19551029,69451423,yes
Smith_f312f,Lisa,Smith,Lisa_Smith@black.info,19580819,99884935,yes
White_eac60,William,White,William_White@white.com,20130221,77500087,no
Buckley_defef,Margaret,Buckley,Margaret_Buckley@mueller-silva.info,20171201,93794391,no
Castro_49d90,Jonathan,Castro,Jonathan_Castro@sandoval.com,19700409,95059239,yes
Carroll_78391,Richard,Carroll,Richard_Carroll@massey-gardner.com,19610526,61422551,yes
Harper_4818b,Ronald,Harper,Ronald_Harper@nguyen.com,20161129,82643711,no
Lopez PhD_37401,Michelle,Lopez PhD,Michelle_Lopez@ortega-miller.com,20160924,63712439,no
Mendoza_fa60d,John,Mendoza,John_Mendoza@mahoney.com,19850519,85845135,yes
Hogan_5a330,Arthur,Hogan,Arthur_Hogan@brown.biz,19820315,80309015,yes
Mcdaniel_4de3f,Sierra,Mcdaniel,Sierra_Mcdaniel@mata.com,20030713,77274903,yes
Spencer_30d3e,Anthony,Spencer,Anthony_Spencer@allen-coleman.org,20040726,68760767,yes
Smith_85c0b,Wendy,Smith,Wendy_Smith@smith-webb.com,19700128,60349279,yes
Jenkins_27fe6,Brandi,Jenkins,Brandi_Jenkins@miller.com,19651228,79308567,yes
Ryan_74ba2,Gary,Ryan,Gary_Ryan@wright-yu.org,19961010,78108759,yes
Charles_02485,Tracy,Charles,Tracy_Charles@rowe.com,19931108,62200511,yes
Johnson_56e3d,Brandon,Johnson,Brandon_Johnson@ramirez.com,19850310,60862935,yes
Fisher_80ff8,Marcus,Fisher,Marcus_Fisher@sanders.org,20120622,79101911,no
Bennett_229d3,Mallory,Bennett,Mallory_Bennett@long-davis.biz,20101117,93423735,no
Stuart_08df4,Gerald,Stuart,Gerald_Stuart@strong.net,19951008,98421991,yes
Vaughan_40056,Jacob,Vaughan,Jacob_Vaughan@martinez.com,19830908,69615007,yes
Ferguson_bd99c,Alyssa,Ferguson,Alyssa_Ferguson@holmes.com,20041004,64014879,yes
Carpenter_4acee,April,Carpenter,April_Carpenter@page.com,19710929,97274415,yes
Garcia_d383b,Rachel,Garcia,Rachel_Garcia@neal.com,19961021,87786127,yes
Baker_726e6,Wayne,Baker,Wayne_Baker@brown.com,19671227,92067207,yes
Lyons_7f614,Luke,Lyons,Luke_Lyons@davis.com,20140117,89456095,no
Butler_3fea8,Jeremy,Butler,Jeremy_Butler@allen.biz,20010116,92810031,yes
Fisher_cd40a,Thomas,Fisher,Thomas_Fisher@phillips.com,19850415,99090999,yes
Macias_b438f,Jeffrey,Macias,Jeffrey_Macias@cox.com,19901003,98485783,yes
Drake_a32f0,Brian,Drake,Brian_Drake@hurst-price.net,19620211,83466007,yes
Morgan_36260,Steven,Morgan,Steven_Morgan@cooper-leonard.com,20111124,76480319,no
Jordan_26d57,Timothy,Jordan,Timothy_Jordan@young.com,19991228,77411263,yes
Harrell_07c7b,Ryan,Harrell,Ryan_Harrell@thornton.com,20131108,92581903,no
Leblanc_25e89,Kathy,Leblanc,Kathy_Leblanc@warren-gray.com,19810227,69067343,yes
Hodges_c3205,Renee,Hodges,Renee_Hodges@hamilton.com,19871228,63899519,yes
Houston_93d80,Sandra,Houston,Sandra_Houston@cruz.org,20001102,88159159,yes
Perry_a0904,Nicole,Perry,Nicole_Perry@ford.info,19530822,81236407,yes
Arnold_5b344,Daniel,Arnold,Daniel_Arnold@kaiser-robinson.info,19971009,88076335,yes
Lambert_5886e,Leslie,Lambert,Leslie_Lambert@sutton-aguirre.org,19810406,97188543,yes
Davis_bea92,William,Davis,William_Davis@whitney.biz,20040727,67567223,yes
Orozco_32e5d,Lauren,Orozco,Lauren_Orozco@sanchez.com,20000126,71540231,yes
Walker_f5f00,Stacey,Walker,Stacey_Walker@norton.biz,19900129,85917303,yes
Lucero_03b2f,Lisa,Lucero,Lisa_Lucero@scott.biz,20060411,98953759,no
Leon_3a2bb,Julie,Leon,Julie_Leon@montgomery.biz,19930313,60535175,yes
Evan Russell_eeae9,Mr.,Evan Russell,Evan_Russell@ferguson.net,19590120,75209343,yes
Pearson_022eb,Brian,Pearson,Brian_Pearson@jackson-smith.com,20170126,96690271,no
Edward Brooks_5ee94,Dr.,Edward Brooks,Edward_Brooks@lane.info,20000404,92929919,yes
Castaneda_1e9a5,Brent,Castaneda,Brent_Castaneda@garcia.com,19580307,80875871,yes
Peters_62c2d,Gregory,Peters,Gregory_Peters@ray.net,19900902,78256247,yes
Powell_c3379,Brian,Powell,Brian_Powell@hernandez.com,19591115,67153775,yes
Clark_54865,Garrett,Clark,Garrett_Clark@jackson.com,20180415,72070583,no
Charles Gonzalez_bc4a4,Mr.,Charles Gonzalez,Charles_Gonzalez@navarro.com,19710404,94465511,yes
Wyatt_ac546,Brian,Wyatt,Brian_Wyatt@wright-young.com,19581211,63631399,yes
Bartlett_03923,Joseph,Bartlett,Joseph_Bartlett@thompson-espinoza.biz,19820215,99932903,yes
Scott_af31d,Tiffany,Scott,Tiffany_Scott@davis.com,19861110,76272207,yes
Smith_90a3a,Bruce,Smith,Bruce_Smith@sanchez.biz,20090913,70440903,no
Conway_b17c3,Stanley,Conway,Stanley_Conway@adams.com,19850905,71853567,yes
Petty_89b4f,Yolanda,Petty,Yolanda_Petty@dunlap-brown.com,19910125,69674519,yes
Lopez_65a92,James,Lopez,James_Lopez@werner.org,19790618,88866567,yes
Shaw_2b60b,Karen,Shaw,Karen_Shaw@trujillo.info,19750601,81014367,yes
Williams_c20d3,George,Williams,George_Williams@patton.com,19810319,69991287,yes
Kelly_0c61d,Charles,Kelly,Charles_Kelly@dalton.com,19690401,62777351,yes
Villa_19bdd,Jonathan,Villa,Jonathan_Villa@suarez.com,19751203,80471287,yes
Jackson_40b1b,Cindy,Jackson,Cindy_Jackson@garcia-burch.com,19670727,60954247,yes
Le DVM_d6474,Melissa,Le DVM,Melissa_Le@harris.com,20121230,97788279,no
Williams_09feb,Scott,Williams,Scott_Williams@keller-wong.com,19800803,85799255,yes
Vazquez_8fa80,John,Vazquez,John_Vazquez@rivera.biz,19620603,73810151,yes
Wilson_e5c97,Jessica,Wilson,Jessica_Wilson@sims-mcneil.biz,20100710,88945703,no
Perez_7a5c3,Thomas,Perez,Thomas_Perez@greene-lopez.com,19630220,96377439,yes
Berry_71879,Kaylee,Berry,Kaylee_Berry@walsh-mckenzie.com,20161224,74360527,no
Hoffman_f0c23,Eric,Hoffman,Eric_Hoffman@lang.info,19750425,99871415,yes
Wagner_83f4e,Kristin,Wagner,Kristin_Wagner@clayton.com,19970129,66045343,yes
Dixon_d2533,Jessica,Dixon,Jessica_Dixon@clark.org,19660816,76336767,yes
Clarke_a0de8,Charles,Clarke,Charles_Clarke@decker.com,20170814,75379215,no
